id	ok	errors	warnings	chainId	amount	recipient	target	isTokenTransfer	input	why
S-01	true			1	null		0xfb6916095ca1df60bb79ce92ce3ea74c37c5d359	false	ethereum:0xfB6916095ca1df60bB79Ce92cE3Ea74c37c5d359@1	Baseline: the minimal well-formed native transfer.
S-02	false	no-scheme							0xfB6916095ca1df60bB79Ce92cE3Ea74c37c5d359	No scheme separator before the address: not a URI with a scheme at all.
S-03	false	bad-scheme							bitcoin:0xfB6916095ca1df60bB79Ce92cE3Ea74c37c5d359	EIP-681 fixes the scheme as 'ethereum'. A different one names a different payment system.
S-04	false	empty								Empty string is not a URI.
S-05	false	no-target							ethereum:	Scheme present but no target address.
S-06	true			1					Ethereum:0xfB6916095ca1df60bB79Ce92cE3Ea74c37c5d359@1	Scheme comparison is case-insensitive per RFC 3986; 'Ethereum:' names the same scheme.
S-07	true						0xfb6916095ca1df60bb79ce92ce3ea74c37c5d359		ethereum:pay-0xfB6916095ca1df60bB79Ce92cE3Ea74c37c5d359@1	The 'pay-' prefix is deprecated but must still parse; ignoring it would make the parser reject a legal URI.
S-08	true						0xfb6916095ca1df60bb79ce92ce3ea74c37c5d359		ethereum:0xFB6916095CA1DF60BB79CE92CE3EA74C37C5D359@1	Uppercase hex in the target body with no mixed case is not a checksum claim.
C-01	true						0xfb6916095ca1df60bb79ce92ce3ea74c37c5d359		ethereum:0xfB6916095ca1df60bB79Ce92cE3Ea74c37c5d359@1	A 20-byte address is exactly 40 hex digits. This is the accepted baseline for every length case below.
C-02	false	bad-address							ethereum:0xfB6916095ca1df60bB79Ce92cE3Ea74c37c5d35@1	39 digits = 19.5 bytes. Not an address.
C-03	false	bad-address							ethereum:0xfB6916095ca1df60bB79Ce92cE3Ea74c37c5d3590@1	REAL DEFECT CLASS: grammars written as a minimum (parse_min(40)) inherit no ceiling, so 41 digits reach the checksum step. Observed upstream: an over-length native recipient was returned as a valid ERC-55 address instead of rejected.
C-04	false	bad-address							ethereum:0xfB6916095ca1df60bB79Ce92cE3Ea74c37c5d35900@1	42 digits — the single sample most length bugs are tested against; a 41..64 sweep catches what a lone 42 does not.
C-05	false	bad-address							ethereum:0xfB6916095ca1df60bB79Ce92cE3Ea74c37c5d359000000000@1	48 digits — a common truncation/padding boundary in fixed-width encoders.
C-06	false	bad-address							ethereum:0xfB6916095ca1df60bB79Ce92cE3Ea74c37c5d359000000000000000000000000@1	64 digits — exactly 32 bytes, so it fits a bytes32 slot and can survive a naive hex-to-bytes conversion.
C-07	false	bad-checksum							ethereum:0xFB6916095ca1df60bB79Ce92cE3Ea74c37c5d359@1	Mixed case IS an EIP-55 checksum claim. This is canonical vector #2 written with WRONG casing so the claim fails; accepting it means paying an address the string does not describe.
C-08	true						0xfb6916095ca1df60bb79ce92ce3ea74c37c5d359		ethereum:0xfB6916095ca1df60bB79Ce92cE3Ea74c37c5d359@1	Canonical EIP-55 vector #2, correct casing. Must be accepted.
C-09	true						0x5aaeb6053f3e94c9b9a09f33669435e7ef1beaed		ethereum:0x5aAeb6053F3E94C9b9A09f33669435E7Ef1BeAed@1	Canonical EIP-55 vector #1.
C-10	true						0xdbf03b407c01e7cd3cbea99509d93f8dddc8c6fb		ethereum:0xdbF03B407c01E7cD3CBea99509d93f8DDDC8C6FB@1	Canonical EIP-55 vector #3.
C-11	true						0xfb6916095ca1df60bb79ce92ce3ea74c37c5d359		ethereum:0xfb6916095ca1df60bb79ce92ce3ea74c37c5d359@1	All-lowercase makes no checksum claim and must not be rejected — a parser that demands mixed case breaks most real QRs.
C-12	false	zero-address							ethereum:0x0000000000000000000000000000000000000000@1	The zero address is syntactically valid and unrecoverable. Emitting it is always a bug; refusing is safer than warning.
A-01	true				2014000000000000000				ethereum:0xfB6916095ca1df60bB79Ce92cE3Ea74c37c5d359@1?value=2.014e18	EIP-681 spec example: scientific notation with a decimal mantissa, exact value required.
A-02	true				1000000000000000000				ethereum:0xfB6916095ca1df60bB79Ce92cE3Ea74c37c5d359@1?value=1000000000000000000	Plain decimal integer.
A-03	false	amount-fractional							ethereum:0xfB6916095ca1df60bB79Ce92cE3Ea74c37c5d359@1?value=1.5	Base units are indivisible, so a fractional amount cannot be expressed. Silently truncating would pay a different number than written.
A-04	false	amount-invalid							ethereum:0xfB6916095ca1df60bB79Ce92cE3Ea74c37c5d359@1?value=-1	Negative amounts are meaningless in this scheme.
A-05	true				115792089237316195423570985008687907853269984665640564039457584007913129639935				ethereum:0xfB6916095ca1df60bB79Ce92cE3Ea74c37c5d359@1?value=115792089237316195423570985008687907853269984665640564039457584007913129639935	uint256 maximum must survive without precision loss — the classic JSON float hazard.
A-06	false	amount-invalid							ethereum:0xfB6916095ca1df60bB79Ce92cE3Ea74c37c5d359@1?value=e18	A bare exponent with no mantissa is not a number.
A-07	false	amount-empty							ethereum:0xfB6916095ca1df60bB79Ce92cE3Ea74c37c5d359@1?value=	Empty value parameter.
A-08	false	chain-id-zero							ethereum:0xfB6916095ca1df60bB79Ce92cE3Ea74c37c5d359@0	EIP-155 chain ids start at 1. '@0' names a network that does not exist, so the destination is undefined.
A-09	false	empty-chain-id							ethereum:0xfB6916095ca1df60bB79Ce92cE3Ea74c37c5d359@	Chain id is present but empty.
A-10	false	chain-id-overflow							ethereum:0xfB6916095ca1df60bB79Ce92cE3Ea74c37c5d359@99999999999999999999999	A chain id beyond Number.MAX_SAFE_INTEGER cannot be represented exactly; accepting it risks silently changing the network.
A-11	true			null	1				ethereum:0xfB6916095ca1df60bB79Ce92cE3Ea74c37c5d359?value=1	Missing chain id is legal per the grammar but hazardous: the same contract address exists on many chains. Must parse, and must be flagged.
A-12	true			137					ethereum:0xfB6916095ca1df60bB79Ce92cE3Ea74c37c5d359@0x89	Hex chain id is a common extension and must be read as a number, not a string.
T-01	true			1	1000	0xfb6916095ca1df60bb79ce92ce3ea74c37c5d359	0xdac17f958d2ee523a2206206994597c13d831ec7	true	ethereum:0xdAC17F958D2ee523a2206206994597C13D831ec7@1/transfer?address=0xfB6916095ca1df60bB79Ce92cE3Ea74c37c5d359&uint256=1000	Canonical ERC-20 transfer. Target is the TOKEN CONTRACT; `address` is the human recipient.
T-02	true		token-no-amount		null			true	ethereum:0xdAC17F958D2ee523a2206206994597C13D831ec7@1/transfer?address=0xfB6916095ca1df60bB79Ce92cE3Ea74c37c5d359	HIGH-SEVERITY HAZARD: omitting uint256 is grammar-valid, but some parsers read it as a fixed zero transfer and others as an open-ended amount the user authorises. Must parse and must be flagged.
T-03	false	token-no-recipient							ethereum:0xdAC17F958D2ee523a2206206994597C13D831ec7@1/transfer?uint256=1000	No recipient means the tokens have no destination that a wallet can show the user.
T-04	true					0xdac17f958d2ee523a2206206994597c13d831ec7	0xdac17f958d2ee523a2206206994597c13d831ec7		ethereum:0xdAC17F958D2ee523a2206206994597C13D831ec7@1/transfer?address=0xdAC17F958D2ee523a2206206994597C13D831ec7&uint256=1000	REAL DEFECT CLASS: a deposit QR that puts the ERC-20 CONTRACT in `address` makes any parser read the contract as the payee. A parser must not conflate target with recipient.
T-05	false	token-value-ambiguous			null				ethereum:0xdAC17F958D2ee523a2206206994597C13D831ec7@1/transfer?address=0xfB6916095ca1df60bB79Ce92cE3Ea74c37c5d359&uint256=1000&value=1	`value` alongside `uint256` is ambiguous: to one parser the number is token base units, to another it is native currency. Two fields, one transfer, one of them silently ignored.
T-06	false	uint256-without-transfer							ethereum:0xfB6916095ca1df60bB79Ce92cE3Ea74c37c5d359@1?uint256=1000	uint256 is only defined by EIP-681 inside /transfer. At the top level of a native request, and inside any other function, its meaning depends on an ABI the URI does not carry — so it must not be silently accepted as an amount.
T-07	false	bad-recipient							ethereum:0xdAC17F958D2ee523a2206206994597C13D831ec7@1/transfer?address=0xfB6916095ca1df60bB79Ce92cE3Ea74c37c5d3590&uint256=1000	An over-length address in `address=` (the recipient slot) is as dangerous as one in the target: 41 hex digits.
T-08	false	bad-address							ethereum:0xdAC17F958D2ee523a2206206994597C13D831ec70@1/transfer?address=0xfB6916095ca1df60bB79Ce92cE3Ea74c37c5d359&uint256=1000	An over-length TOKEN CONTRACT address is the third call site of the same length check and the one most test suites omit.
T-09	false	recipient-zero							ethereum:0xdAC17F958D2ee523a2206206994597C13D831ec7@1/transfer?address=0x0000000000000000000000000000000000000000&uint256=1000	Recipient is the zero address — tokens are burned.
T-10	true		token-amount-zero		0				ethereum:0xdAC17F958D2ee523a2206206994597C13D831ec7@1/transfer?address=0xfB6916095ca1df60bB79Ce92cE3Ea74c37c5d359&uint256=0	A token transfer of exactly zero is legal but almost always a mistake; flag, do not reject.
T-11	true		recipient-bad-checksum						ethereum:0xdAC17F958D2ee523a2206206994597C13D831ec7@1/transfer?address=0xFB6916095ca1df60bB79Ce92cE3Ea74c37c5d359&uint256=1000	A mixed-case recipient with a failing checksum claim. Warning rather than error is the defensible choice here (the field is a parameter, not the target), but it must not pass silently.
X-01	true		no-chain-id	null				true	ethereum:0xdAC17F958D2ee523a2206206994597C13D831ec7/transfer?address=0xfB6916095ca1df60bB79Ce92cE3Ea74c37c5d359&uint256=1000	CROSS-CUTTING: the same address on two chains is two different accounts. A URI without a chain id that is fed to a wallet defaulting to the wrong network pays the wrong place.
X-02	true				1000			true	ethereum:0xfB6916095ca1df60bB79Ce92cE3Ea74c37c5d359@1/transfer?address=0xfB6916095ca1df60bB79Ce92cE3Ea74c37c5d359&uint256=1000&gas=21000	Query parameters are separated by '&'. A parser that splits on the first '?' only, or that fails to stop at a fragment, mis-reads the amount.
X-03	true			1					  ethereum:0xfB6916095ca1df60bB79Ce92cE3Ea74c37c5d359@1  	Leading and trailing whitespace is common when a URI is extracted from a QR or a line of text; trimming is safe and must not change semantics.
X-04	false	uint256-without-transfer							ethereum:0xdAC17F958D2ee523a2206206994597C13D831ec7@1/approve?spender=0xfB6916095ca1df60bB79Ce92cE3Ea74c37c5d359&uint256=1000	An APPROVAL is not a payment. EIP-681 defines uint256 only for /transfer, so inside /approve the number depends on an ABI the URI does not carry: refusing it is the safe behaviour. What must NOT happen is an approval being reported as a transfer.
X-06	true				null			false	ethereum:0xdAC17F958D2ee523a2206206994597C13D831ec7@1/approve?spender=0xfB6916095ca1df60bB79Ce92cE3Ea74c37c5d359	The same approval-shaped URI WITHOUT uint256 must still parse, and must report isTokenTransfer=false. If every function collapsed to isTokenTransfer=true, an unlimited token approval would be shown to the user as an ordinary payment.
X-05	false	bad-address|bad-recipient							ethereum:0xdAC17F958D2ee523a2206206994597C13D831ec70@1/transfer?address=0xfB6916095ca1df60bB79Ce92cE3Ea74c37c5d3590&uint256=1000	A 41-digit token address plus a 41-digit recipient: two independent length failures. Reporting only the first hides the second.
